col,dat,Froleyks-2,TakehideSoh,YuyaYamada-N,haz-2,haz-single-2,junkawahara,telematik-tuhh,tigrisg,toda5603
benchmark/color04/1-FullIns_3.col,benchmark/color04/1-FullIns_3_01.dat,1,1,1,1,1,1,1,1,1
benchmark/color04/1-FullIns_3.col,benchmark/color04/1-FullIns_3_02.dat,3,3,34,29,29,3,3,3,3
benchmark/color04/1-FullIns_4.col,benchmark/color04/1-FullIns_4_01.dat,1,1,1,1,1,1,1,1,1
benchmark/color04/1-FullIns_4.col,benchmark/color04/1-FullIns_4_02.dat,1,1,96,89,89,1,1,1,1
benchmark/color04/1-FullIns_5.col,benchmark/color04/1-FullIns_5_01.dat,1,1,1,1,1,N.A.,1,1,1
benchmark/color04/1-FullIns_5.col,benchmark/color04/1-FullIns_5_02.dat,1,1,57,32,40,N.A.,1,1,14
benchmark/color04/1-Insertions_4.col,benchmark/color04/1-Insertions_4_01.dat,3,3,4,4,4,3,3,3,3
benchmark/color04/1-Insertions_4.col,benchmark/color04/1-Insertions_4_02.dat,2,2,195,248,248,2,2,2,3
benchmark/color04/1-Insertions_5.col,benchmark/color04/1-Insertions_5_01.dat,2,2,5,5,5,N.A.,2,2,2
benchmark/color04/1-Insertions_5.col,benchmark/color04/1-Insertions_5_02.dat,2,2,48,100,102,N.A.,2,2,25
benchmark/color04/1-Insertions_6.col,benchmark/color04/1-Insertions_6_01.dat,1,1,6,6,6,N.A.,1,1,1
benchmark/color04/1-Insertions_6.col,benchmark/color04/1-Insertions_6_02.dat,3,3,48,90,91,N.A.,3,3,39
benchmark/color04/2-FullIns_3.col,benchmark/color04/2-FullIns_3_01.dat,2,2,26,26,26,2,2,2,2
benchmark/color04/2-FullIns_3.col,benchmark/color04/2-FullIns_3_02.dat,2,2,26,26,26,2,2,2,2
benchmark/color04/2-FullIns_4.col,benchmark/color04/2-FullIns_4_01.dat,1,1,75,98,104,N.A.,1,1,60
benchmark/color04/2-FullIns_4.col,benchmark/color04/2-FullIns_4_02.dat,1,1,70,100,104,N.A.,1,1,32
benchmark/color04/2-FullIns_5.col,benchmark/color04/2-FullIns_5_01.dat,1,1,34,38,42,N.A.,1,1,1
benchmark/color04/2-FullIns_5.col,benchmark/color04/2-FullIns_5_02.dat,1,1,53,37,42,N.A.,1,1,1
benchmark/color04/2-Insertions_3.col,benchmark/color04/2-Insertions_3_01.dat,3,3,52,43,43,3,3,3,3
benchmark/color04/2-Insertions_3.col,benchmark/color04/2-Insertions_3_02.dat,2,2,51,32,32,2,2,2,2
benchmark/color04/2-Insertions_4.col,benchmark/color04/2-Insertions_4_01.dat,1,1,53,73,73,N.A.,1,1,1
benchmark/color04/2-Insertions_4.col,benchmark/color04/2-Insertions_4_02.dat,1,1,54,73,73,N.A.,1,1,28
benchmark/color04/2-Insertions_5.col,benchmark/color04/2-Insertions_5_01.dat,1,1,29,47,53,N.A.,1,1,201
benchmark/color04/2-Insertions_5.col,benchmark/color04/2-Insertions_5_02.dat,1,1,63,47,53,N.A.,1,1,1
benchmark/color04/3-FullIns_3.col,benchmark/color04/3-FullIns_3_01.dat,2,2,10,10,10,2,2,2,2
benchmark/color04/3-FullIns_3.col,benchmark/color04/3-FullIns_3_02.dat,4,4,232,232,233,4,4,4,5
benchmark/color04/3-FullIns_4.col,benchmark/color04/3-FullIns_4_01.dat,2,2,22,6,8,N.A.,2,2,2
benchmark/color04/3-FullIns_4.col,benchmark/color04/3-FullIns_4_02.dat,3,3,44,139,172,N.A.,3,3,4
benchmark/color04/3-FullIns_5.col,benchmark/color04/3-FullIns_5_01.dat,1,1,23,3,3,N.A.,1,1,1
benchmark/color04/3-FullIns_5.col,benchmark/color04/3-FullIns_5_02.dat,8,5,36,46,49,N.A.,5,5,725
benchmark/color04/3-Insertions_3.col,benchmark/color04/3-Insertions_3_01.dat,4,4,7,7,7,4,4,4,4
benchmark/color04/3-Insertions_3.col,benchmark/color04/3-Insertions_3_02.dat,2,2,195,392,392,2,2,2,2
benchmark/color04/3-Insertions_4.col,benchmark/color04/3-Insertions_4_01.dat,2,2,9,9,9,N.A.,2,2,2
benchmark/color04/3-Insertions_4.col,benchmark/color04/3-Insertions_4_02.dat,6,5,62,246,247,N.A.,5,5,34
benchmark/color04/3-Insertions_5.col,benchmark/color04/3-Insertions_5_01.dat,1,1,10,1,1,N.A.,1,1,1
benchmark/color04/3-Insertions_5.col,benchmark/color04/3-Insertions_5_02.dat,1,1,83,43,45,N.A.,1,1,1
benchmark/color04/4-FullIns_3.col,benchmark/color04/4-FullIns_3_01.dat,1,1,1,1,1,1,1,1,1
benchmark/color04/4-FullIns_3.col,benchmark/color04/4-FullIns_3_02.dat,1,1,110,111,111,1,1,1,1
benchmark/color04/4-FullIns_4.col,benchmark/color04/4-FullIns_4_01.dat,1,1,1,1,1,N.A.,1,1,1
benchmark/color04/4-FullIns_4.col,benchmark/color04/4-FullIns_4_02.dat,2,2,33,49,55,N.A.,2,2,198
benchmark/color04/4-FullIns_5.col,benchmark/color04/4-FullIns_5_01.dat,1,1,27,1,UNK (11),N.A.,1,1,1
benchmark/color04/4-FullIns_5.col,benchmark/color04/4-FullIns_5_02.dat,1,1,86,1,UNK (11),N.A.,1,1,1
benchmark/color04/4-Insertions_3.col,benchmark/color04/4-Insertions_3_01.dat,1,1,72,71,74,1,1,1,29
benchmark/color04/4-Insertions_3.col,benchmark/color04/4-Insertions_3_02.dat,3,3,70,83,83,3,3,3,3
benchmark/color04/4-Insertions_4.col,benchmark/color04/4-Insertions_4_01.dat,1,1,30,57,64,N.A.,1,1,209
benchmark/color04/4-Insertions_4.col,benchmark/color04/4-Insertions_4_02.dat,1,1,31,58,65,N.A.,1,1,1
benchmark/color04/5-FullIns_3.col,benchmark/color04/5-FullIns_3_01.dat,1,1,35,33,33,N.A.,1,1,1
benchmark/color04/5-FullIns_3.col,benchmark/color04/5-FullIns_3_02.dat,6,5,59,468,470,N.A.,5,5,6
benchmark/color04/5-FullIns_4.col,benchmark/color04/5-FullIns_4_01.dat,1,1,30,10,10,N.A.,1,1,1
benchmark/color04/5-FullIns_4.col,benchmark/color04/5-FullIns_4_02.dat,8,6,41,98,113,N.A.,6,6,490
benchmark/color04/DSJC1000.1.col,benchmark/color04/DSJC1000.1_01.dat,1,1,1,UNK (11),1,N.A.,1,1,1
benchmark/color04/DSJC1000.1.col,benchmark/color04/DSJC1000.1_02.dat,67,3,26,20,20,N.A.,3,3,58
benchmark/color04/DSJC1000.5.col,benchmark/color04/DSJC1000.5_01.dat,32,6,23,23,23,N.A.,6,6,11
benchmark/color04/DSJC1000.5.col,benchmark/color04/DSJC1000.5_02.dat,27,2,18,27,27,N.A.,2,2,2
benchmark/color04/DSJC1000.9.col,benchmark/color04/DSJC1000.9_01.dat,6,2,6,N.A.,6,N.A.,2,2,2
benchmark/color04/DSJC1000.9.col,benchmark/color04/DSJC1000.9_02.dat,8,2,8,8,8,N.A.,2,2,2
benchmark/color04/DSJC125.1.col,benchmark/color04/DSJC125.1_01.dat,5,3,5,5,5,N.A.,3,3,3
benchmark/color04/DSJC125.1.col,benchmark/color04/DSJC125.1_02.dat,129,5,59,215,215,N.A.,5,5,10
benchmark/color04/DSJC125.5.col,benchmark/color04/DSJC125.5_01.dat,34,4,34,21,21,4,4,4,4
benchmark/color04/DSJC125.5.col,benchmark/color04/DSJC125.5_02.dat,33,2,33,32,32,2,2,2,2
benchmark/color04/DSJC125.9.col,benchmark/color04/DSJC125.9_01.dat,1,1,1,UNK (11),1,1,1,1,1
benchmark/color04/DSJC125.9.col,benchmark/color04/DSJC125.9_02.dat,122,8,84,179,179,8,8,8,8
benchmark/color04/DSJC250.1.col,benchmark/color04/DSJC250.1_01.dat,1,1,1,UNK (11),1,N.A.,1,1,1
benchmark/color04/DSJC250.1.col,benchmark/color04/DSJC250.1_02.dat,81,1,27,136,134,N.A.,1,1,14
benchmark/color04/DSJC250.5.col,benchmark/color04/DSJC250.5_01.dat,13,1,13,12,12,N.A.,1,1,1
benchmark/color04/DSJC250.5.col,benchmark/color04/DSJC250.5_02.dat,45,5,30,37,37,N.A.,5,5,N.A.
benchmark/color04/DSJC250.9.col,benchmark/color04/DSJC250.9_01.dat,15,5,15,15,15,5,5,5,5
benchmark/color04/DSJC250.9.col,benchmark/color04/DSJC250.9_02.dat,15,5,15,15,15,5,5,5,5
benchmark/color04/DSJC500.1.col,benchmark/color04/DSJC500.1_01.dat,9,3,9,9,9,N.A.,3,3,3
benchmark/color04/DSJC500.1.col,benchmark/color04/DSJC500.1_02.dat,86,6,35,78,77,N.A.,6,6,18
benchmark/color04/DSJC500.5.col,benchmark/color04/DSJC500.5_01.dat,15,1,15,15,15,N.A.,1,1,1
benchmark/color04/DSJC500.5.col,benchmark/color04/DSJC500.5_02.dat,37,1,25,36,36,N.A.,1,1,1
benchmark/color04/DSJC500.9.col,benchmark/color04/DSJC500.9_01.dat,26,6,26,24,24,N.A.,6,6,6
benchmark/color04/DSJC500.9.col,benchmark/color04/DSJC500.9_02.dat,27,9,27,22,22,N.A.,9,9,9
benchmark/color04/DSJR500.1.col,benchmark/color04/DSJR500.1_01.dat,87,8,23,54,54,N.A.,8,8,8
benchmark/color04/DSJR500.1.col,benchmark/color04/DSJR500.1_02.dat,68,13,41,N.A.,19,N.A.,13,13,179
benchmark/color04/DSJR500.1c.col,benchmark/color04/DSJR500.1c_01.dat,1,1,1,UNK (11),1,1,1,1,1
benchmark/color04/DSJR500.1c.col,benchmark/color04/DSJR500.1c_02.dat,51,4,51,42,42,4,4,4,4
benchmark/color04/DSJR500.5.col,benchmark/color04/DSJR500.5_01.dat,15,2,13,15,15,N.A.,2,2,2
benchmark/color04/DSJR500.5.col,benchmark/color04/DSJR500.5_02.dat,165,6,94,198,198,N.A.,6,6,7
benchmark/color04/anna.col,benchmark/color04/anna_01.dat,5,5,29,172,206,N.A.,5,5,5
benchmark/color04/anna.col,benchmark/color04/anna_02.dat,14,13,79,251,291,N.A.,13,13,53
benchmark/color04/ash331GPIA.col,benchmark/color04/ash331GPIA_01.dat,1,1,30,22,22,N.A.,1,1,123
benchmark/color04/ash331GPIA.col,benchmark/color04/ash331GPIA_02.dat,1,1,31,23,23,N.A.,1,1,1
benchmark/color04/ash608GPIA.col,benchmark/color04/ash608GPIA_01.dat,1,1,1,1,1,N.A.,1,1,1
benchmark/color04/ash608GPIA.col,benchmark/color04/ash608GPIA_02.dat,1,1,26,20,24,N.A.,1,1,86
benchmark/color04/ash958GPIA.col,benchmark/color04/ash958GPIA_01.dat,1,1,23,18,24,N.A.,1,1,1
benchmark/color04/ash958GPIA.col,benchmark/color04/ash958GPIA_02.dat,1,1,21,7,8,N.A.,1,1,65
benchmark/color04/david.col,benchmark/color04/david_01.dat,9,6,37,394,462,6,6,6,6
benchmark/color04/david.col,benchmark/color04/david_02.dat,10,9,209,464,546,9,9,9,9
benchmark/color04/games120.col,benchmark/color04/games120_01.dat,7,7,30,595,671,N.A.,7,7,7
benchmark/color04/games120.col,benchmark/color04/games120_02.dat,23,13,102,576,643,N.A.,13,13,24
benchmark/color04/huck.col,benchmark/color04/huck_01.dat,11,7,191,742,900,7,7,7,7
benchmark/color04/huck.col,benchmark/color04/huck_02.dat,15,7,255,1059,1177,7,7,7,7
benchmark/color04/latin_square_10.col,benchmark/color04/latin_square_10_01.dat,1,1,9,9,9,N.A.,1,1,4
benchmark/color04/latin_square_10.col,benchmark/color04/latin_square_10_02.dat,1,1,9,9,9,N.A.,1,1,1
benchmark/color04/le450_15a.col,benchmark/color04/le450_15a_01.dat,3,3,17,7,7,N.A.,3,3,3
benchmark/color04/le450_15a.col,benchmark/color04/le450_15a_02.dat,4,3,29,65,77,N.A.,3,3,45
benchmark/color04/le450_15b.col,benchmark/color04/le450_15b_01.dat,2,2,14,6,6,N.A.,2,2,2
benchmark/color04/le450_15b.col,benchmark/color04/le450_15b_02.dat,5,5,34,72,80,N.A.,5,5,49
benchmark/color04/le450_15c.col,benchmark/color04/le450_15c_01.dat,2,2,18,10,12,N.A.,2,2,2
benchmark/color04/le450_15c.col,benchmark/color04/le450_15c_02.dat,3,3,38,46,72,N.A.,3,3,4
benchmark/color04/le450_15d.col,benchmark/color04/le450_15d_01.dat,2,2,24,49,51,N.A.,2,2,2
benchmark/color04/le450_15d.col,benchmark/color04/le450_15d_02.dat,7,6,36,40,57,N.A.,6,6,9
benchmark/color04/le450_25a.col,benchmark/color04/le450_25a_01.dat,4,3,25,18,18,N.A.,3,3,3
benchmark/color04/le450_25a.col,benchmark/color04/le450_25a_02.dat,12,12,28,12,UNK (11),N.A.,12,12,17
benchmark/color04/le450_25b.col,benchmark/color04/le450_25b_01.dat,6,6,31,56,67,N.A.,6,6,6
benchmark/color04/le450_25b.col,benchmark/color04/le450_25b_02.dat,12,10,70,10,UNK (11),N.A.,10,10,12
benchmark/color04/le450_25c.col,benchmark/color04/le450_25c_01.dat,3,3,15,9,9,N.A.,3,3,3
benchmark/color04/le450_25c.col,benchmark/color04/le450_25c_02.dat,5,5,36,72,82,N.A.,5,5,5
benchmark/color04/le450_25d.col,benchmark/color04/le450_25d_01.dat,3,3,9,9,9,N.A.,3,3,3
benchmark/color04/le450_25d.col,benchmark/color04/le450_25d_02.dat,3,2,48,15,15,N.A.,2,2,2
benchmark/color04/le450_5a.col,benchmark/color04/le450_5a_01.dat,1,1,36,59,66,N.A.,1,1,62
benchmark/color04/le450_5a.col,benchmark/color04/le450_5a_02.dat,1,1,32,74,76,N.A.,1,1,36
benchmark/color04/le450_5b.col,benchmark/color04/le450_5b_01.dat,1,1,59,57,64,N.A.,1,1,1
benchmark/color04/le450_5b.col,benchmark/color04/le450_5b_02.dat,2,2,27,63,73,N.A.,2,2,2
benchmark/color04/le450_5c.col,benchmark/color04/le450_5c_01.dat,1,1,59,61,67,N.A.,1,1,1
benchmark/color04/le450_5c.col,benchmark/color04/le450_5c_02.dat,1,1,28,57,65,N.A.,1,1,5
benchmark/color04/le450_5d.col,benchmark/color04/le450_5d_01.dat,1,1,27,58,66,N.A.,1,1,1
benchmark/color04/le450_5d.col,benchmark/color04/le450_5d_02.dat,1,1,71,58,65,N.A.,1,1,75
benchmark/color04/miles1000.col,benchmark/color04/miles1000_01.dat,3,3,138,730,813,N.A.,3,3,3
benchmark/color04/miles1000.col,benchmark/color04/miles1000_02.dat,5,5,61,1038,1130,N.A.,5,5,5
benchmark/color04/miles1500.col,benchmark/color04/miles1500_01.dat,2,2,11,11,11,N.A.,2,2,2
benchmark/color04/miles1500.col,benchmark/color04/miles1500_02.dat,3,3,271,1048,1264,N.A.,3,3,3
benchmark/color04/miles500.col,benchmark/color04/miles500_01.dat,15,7,35,645,745,N.A.,7,7,7
benchmark/color04/miles500.col,benchmark/color04/miles500_02.dat,19,10,178,677,783,N.A.,10,10,11
benchmark/color04/miles750.col,benchmark/color04/miles750_01.dat,4,4,60,666,801,N.A.,4,4,4
benchmark/color04/miles750.col,benchmark/color04/miles750_02.dat,6,6,38,724,836,N.A.,6,6,6
benchmark/color04/mug100_1.col,benchmark/color04/mug100_1_01.dat,12,11,96,778,884,11,11,11,11
benchmark/color04/mug100_1.col,benchmark/color04/mug100_1_02.dat,24,UNK (11),149,907,1047,N.A.,18,18,18
benchmark/color04/mug100_25.col,benchmark/color04/mug100_25_01.dat,15,15,102,797,897,15,15,15,15
benchmark/color04/mug100_25.col,benchmark/color04/mug100_25_02.dat,27,UNK (11),155,848,987,N.A.,21,21,23
benchmark/color04/mug88_1.col,benchmark/color04/mug88_1_01.dat,11,9,108,868,991,9,9,9,9
benchmark/color04/mug88_1.col,benchmark/color04/mug88_1_02.dat,28,UNK (11),175,1248,1330,N.A.,20,20,24
benchmark/color04/mug88_25.col,benchmark/color04/mug88_25_01.dat,12,7,111,907,998,7,7,7,7
benchmark/color04/mug88_25.col,benchmark/color04/mug88_25_02.dat,30,UNK (11),171,835,977,19,19,19,20
benchmark/color04/myciel3.col,benchmark/color04/myciel3_01.dat,2,2,14,14,14,2,2,2,2
benchmark/color04/myciel3.col,benchmark/color04/myciel3_02.dat,3,3,14,14,14,3,3,3,3
benchmark/color04/myciel4.col,benchmark/color04/myciel4_01.dat,1,1,10,10,10,1,1,1,2
benchmark/color04/myciel4.col,benchmark/color04/myciel4_02.dat,1,1,10,10,10,1,1,1,1
benchmark/color04/myciel5.col,benchmark/color04/myciel5_01.dat,1,1,22,22,22,1,1,1,8
benchmark/color04/myciel5.col,benchmark/color04/myciel5_02.dat,1,1,22,22,22,1,1,1,1
benchmark/color04/myciel6.col,benchmark/color04/myciel6_01.dat,1,1,46,46,46,1,1,1,7
benchmark/color04/myciel6.col,benchmark/color04/myciel6_02.dat,1,1,46,46,46,1,1,1,1
benchmark/color04/myciel7.col,benchmark/color04/myciel7_01.dat,1,1,94,94,94,N.A.,1,1,3
benchmark/color04/myciel7.col,benchmark/color04/myciel7_02.dat,1,1,94,94,94,N.A.,1,1,1
benchmark/color04/qg.order100.col,benchmark/color04/qg.order100_01.dat,N.A.,UNK (11),N.A.,UNK (11),UNK (11),N.A.,97,97,N.A.
benchmark/color04/qg.order100.col,benchmark/color04/qg.order100_02.dat,N.A.,UNK (11),N.A.,UNK (11),UNK (11),N.A.,98,98,N.A.
benchmark/color04/qg.order30.col,benchmark/color04/qg.order30_01.dat,N.A.,UNK (11),67,UNK (11),UNK (11),N.A.,30,30,30
benchmark/color04/qg.order30.col,benchmark/color04/qg.order30_02.dat,N.A.,UNK (11),62,UNK (11),UNK (11),N.A.,29,29,29
benchmark/color04/qg.order40.col,benchmark/color04/qg.order40_01.dat,N.A.,UNK (11),N.A.,UNK (11),UNK (11),N.A.,40,40,N.A.
benchmark/color04/qg.order40.col,benchmark/color04/qg.order40_02.dat,N.A.,UNK (11),N.A.,UNK (11),UNK (11),N.A.,39,39,40
benchmark/color04/qg.order60.col,benchmark/color04/qg.order60_01.dat,N.A.,UNK (11),N.A.,UNK (11),UNK (11),N.A.,59,59,59
benchmark/color04/qg.order60.col,benchmark/color04/qg.order60_02.dat,N.A.,UNK (11),N.A.,UNK (11),UNK (11),N.A.,58,58,N.A.
benchmark/color04/queen10_10.col,benchmark/color04/queen10_10_01.dat,14,8,34,547,643,8,8,8,8
benchmark/color04/queen10_10.col,benchmark/color04/queen10_10_02.dat,13,11,38,517,518,11,11,11,14
benchmark/color04/queen11_11.col,benchmark/color04/queen11_11_01.dat,10,8,30,68,90,N.A.,8,8,9
benchmark/color04/queen11_11.col,benchmark/color04/queen11_11_02.dat,13,8,34,67,89,N.A.,8,9,10
benchmark/color04/queen12_12.col,benchmark/color04/queen12_12_01.dat,8,6,30,14,14,N.A.,6,6,6
benchmark/color04/queen12_12.col,benchmark/color04/queen12_12_02.dat,10,9,46,14,15,N.A.,9,9,9
benchmark/color04/queen13_13.col,benchmark/color04/queen13_13_01.dat,20,12,23,13,13,N.A.,12,12,12
benchmark/color04/queen13_13.col,benchmark/color04/queen13_13_02.dat,4,4,47,12,13,N.A.,4,4,7
benchmark/color04/queen14_14.col,benchmark/color04/queen14_14_01.dat,9,9,37,11,12,N.A.,9,9,9
benchmark/color04/queen14_14.col,benchmark/color04/queen14_14_02.dat,13,8,27,11,11,N.A.,8,8,12
benchmark/color04/queen15_15.col,benchmark/color04/queen15_15_01.dat,5,5,33,11,11,N.A.,5,5,5
benchmark/color04/queen15_15.col,benchmark/color04/queen15_15_02.dat,7,4,36,10,11,N.A.,4,4,4
benchmark/color04/queen16_16.col,benchmark/color04/queen16_16_01.dat,5,5,36,10,10,N.A.,5,5,9
benchmark/color04/queen16_16.col,benchmark/color04/queen16_16_02.dat,7,7,38,9,10,N.A.,7,7,7
benchmark/color04/queen5_5.col,benchmark/color04/queen5_5_01.dat,7,7,15,15,15,7,7,7,7
benchmark/color04/queen5_5.col,benchmark/color04/queen5_5_02.dat,7,7,15,15,15,7,7,7,8
benchmark/color04/queen6_6.col,benchmark/color04/queen6_6_01.dat,8,8,100,151,152,8,8,8,8
benchmark/color04/queen6_6.col,benchmark/color04/queen6_6_02.dat,14,9,98,128,128,9,9,9,9
benchmark/color04/queen7_7.col,benchmark/color04/queen7_7_01.dat,19,11,71,83,83,11,11,12,12
benchmark/color04/queen7_7.col,benchmark/color04/queen7_7_02.dat,8,8,112,61,62,8,8,8,9
benchmark/color04/queen8_12.col,benchmark/color04/queen8_12_01.dat,22,10,49,789,938,10,10,10,10
benchmark/color04/queen8_12.col,benchmark/color04/queen8_12_02.dat,8,6,258,1013,1235,6,6,6,8
benchmark/color04/queen8_8.col,benchmark/color04/queen8_8_01.dat,15,9,49,987,988,9,9,9,9
benchmark/color04/queen8_8.col,benchmark/color04/queen8_8_02.dat,9,9,49,338,369,9,9,9,9
benchmark/color04/queen9_9.col,benchmark/color04/queen9_9_01.dat,7,7,43,814,967,7,7,7,7
benchmark/color04/queen9_9.col,benchmark/color04/queen9_9_02.dat,5,5,39,792,937,5,5,5,5
benchmark/color04/school1.col,benchmark/color04/school1_01.dat,4,4,26,15,25,N.A.,4,4,4
benchmark/color04/school1.col,benchmark/color04/school1_02.dat,17,11,35,142,167,N.A.,11,11,39
benchmark/color04/school1_nsh.col,benchmark/color04/school1_nsh_01.dat,4,4,30,139,154,N.A.,4,4,4
benchmark/color04/school1_nsh.col,benchmark/color04/school1_nsh_02.dat,15,8,31,220,260,N.A.,8,8,34
benchmark/color04/wap01a.col,benchmark/color04/wap01a_01.dat,25,UNK (11),54,22,UNK (11),N.A.,22,22,N.A.
benchmark/color04/wap01a.col,benchmark/color04/wap01a_02.dat,255,UNK (11),N.A.,76,UNK (11),N.A.,76,N.A.,N.A.
benchmark/color04/wap02a.col,benchmark/color04/wap02a_01.dat,72,UNK (11),N.A.,25,UNK (11),N.A.,25,25,25
benchmark/color04/wap02a.col,benchmark/color04/wap02a_02.dat,298,UNK (11),N.A.,97,UNK (11),N.A.,97,N.A.,411
benchmark/color04/wap03a.col,benchmark/color04/wap03a_01.dat,22,10,28,10,UNK (11),N.A.,10,10,10
benchmark/color04/wap03a.col,benchmark/color04/wap03a_02.dat,222,UNK (11),104,96,UNK (11),N.A.,96,N.A.,269
benchmark/color04/wap04a.col,benchmark/color04/wap04a_01.dat,50,UNK (11),37,21,UNK (11),N.A.,21,21,21
benchmark/color04/wap04a.col,benchmark/color04/wap04a_02.dat,299,UNK (11),N.A.,112,UNK (11),N.A.,112,N.A.,1972
benchmark/color04/wap05a.col,benchmark/color04/wap05a_01.dat,30,16,48,96,127,N.A.,16,16,16
benchmark/color04/wap05a.col,benchmark/color04/wap05a_02.dat,30,UNK (11),51,26,UNK (11),N.A.,26,N.A.,39
benchmark/color04/wap06a.col,benchmark/color04/wap06a_01.dat,32,17,46,17,UNK (11),N.A.,17,17,N.A.
benchmark/color04/wap06a.col,benchmark/color04/wap06a_02.dat,93,UNK (11),57,36,UNK (11),N.A.,36,N.A.,172
benchmark/color04/wap07a.col,benchmark/color04/wap07a_01.dat,9,9,50,9,UNK (11),N.A.,9,9,9
benchmark/color04/wap07a.col,benchmark/color04/wap07a_02.dat,51,UNK (11),36,36,UNK (11),N.A.,36,N.A.,40
benchmark/color04/wap08a.col,benchmark/color04/wap08a_01.dat,26,13,36,13,UNK (11),N.A.,13,13,13
benchmark/color04/wap08a.col,benchmark/color04/wap08a_02.dat,73,UNK (11),64,43,UNK (11),N.A.,43,N.A.,328
benchmark/color04/will199GPIA.col,benchmark/color04/will199GPIA_01.dat,1,1,1,1,1,N.A.,1,1,1
benchmark/color04/will199GPIA.col,benchmark/color04/will199GPIA_02.dat,3,3,35,46,52,N.A.,3,3,180
benchmark/grid/grid004x004.col,benchmark/grid/grid004x004_01.dat,NO,UNK (11),N.A.,NO,UNK (11),NO,NO,NO,N.A.
benchmark/grid/grid004x004.col,benchmark/grid/grid004x004_02.dat,NO,UNK (11),N.A.,NO,UNK (11),NO,NO,NO,N.A.
benchmark/grid/grid004x004.col,benchmark/grid/grid004x004_03.dat,7,7,113,113,113,7,7,7,7
benchmark/grid/grid004x004.col,benchmark/grid/grid004x004_04.dat,8,8,112,111,111,8,8,8,8
benchmark/grid/grid004x004.col,benchmark/grid/grid004x004_05.dat,NO,UNK (11),N.A.,NO,UNK (11),NO,NO,NO,N.A.
benchmark/grid/grid010x010.col,benchmark/grid/grid010x010_01_6141.dat,NO,UNK (11),N.A.,NO,UNK (11),NO,NO,NO,N.A.
benchmark/grid/grid010x010.col,benchmark/grid/grid010x010_02_0495.dat,NO,UNK (11),N.A.,NO,UNK (11),NO,NO,NO,N.A.
benchmark/grid/grid010x010.col,benchmark/grid/grid010x010_03_6844.dat,NO,UNK (11),N.A.,NO,UNK (11),NO,NO,NO,N.A.
benchmark/grid/grid010x010.col,benchmark/grid/grid010x010_04_4957.dat,NO,UNK (11),N.A.,NO,UNK (11),NO,NO,NO,N.A.
benchmark/grid/grid020x020.col,benchmark/grid/grid020x020_01_9275.dat,N.A.,UNK (11),N.A.,NO,UNK (11),NO,NO,NO,N.A.
benchmark/grid/grid020x020.col,benchmark/grid/grid020x020_02_7550.dat,NO,UNK (11),N.A.,NO,UNK (11),NO,NO,NO,N.A.
benchmark/grid/grid020x020.col,benchmark/grid/grid020x020_03_3902.dat,N.A.,UNK (11),N.A.,NO,UNK (11),NO,NO,NO,N.A.
benchmark/grid/grid020x020.col,benchmark/grid/grid020x020_04_3283.dat,NO,UNK (11),N.A.,NO,UNK (11),NO,NO,NO,N.A.
benchmark/grid/grid030x030.col,benchmark/grid/grid030x030_01_6931.dat,NO,UNK (11),N.A.,NO,UNK (11),N.A.,NO,NO,N.A.
benchmark/grid/grid030x030.col,benchmark/grid/grid030x030_02_7112.dat,N.A.,UNK (11),N.A.,NO,UNK (11),N.A.,NO,NO,N.A.
benchmark/grid/grid030x030.col,benchmark/grid/grid030x030_03_4248.dat,NO,UNK (11),N.A.,NO,UNK (11),N.A.,NO,NO,N.A.
benchmark/grid/grid030x030.col,benchmark/grid/grid030x030_04_2988.dat,N.A.,UNK (11),N.A.,NO,UNK (11),N.A.,NO,NO,N.A.
benchmark/grid/grid040x040.col,benchmark/grid/grid040x040_01_6703.dat,N.A.,UNK (11),N.A.,NO,UNK (11),N.A.,NO,NO,N.A.
benchmark/grid/grid040x040.col,benchmark/grid/grid040x040_02_3552.dat,N.A.,UNK (11),N.A.,NO,UNK (11),N.A.,NO,NO,N.A.
benchmark/grid/grid040x040.col,benchmark/grid/grid040x040_03_0746.dat,N.A.,UNK (11),N.A.,NO,UNK (11),N.A.,NO,NO,N.A.
benchmark/grid/grid040x040.col,benchmark/grid/grid040x040_04_3680.dat,N.A.,UNK (11),N.A.,NO,UNK (11),N.A.,NO,UNK (11),N.A.
benchmark/grid/grid050x050.col,benchmark/grid/grid050x050_01_8271.dat,N.A.,UNK (11),N.A.,NO,UNK (11),N.A.,NO,NO,N.A.
benchmark/grid/grid050x050.col,benchmark/grid/grid050x050_02_8314.dat,N.A.,UNK (11),N.A.,NO,UNK (11),N.A.,NO,NO,N.A.
benchmark/grid/grid050x050.col,benchmark/grid/grid050x050_03_4298.dat,N.A.,UNK (11),N.A.,NO,UNK (11),N.A.,NO,NO,N.A.
benchmark/grid/grid050x050.col,benchmark/grid/grid050x050_04_8232.dat,N.A.,UNK (11),N.A.,NO,UNK (11),N.A.,NO,NO,N.A.
benchmark/grid/grid060x060.col,benchmark/grid/grid060x060_01_5912.dat,N.A.,UNK (11),N.A.,NO,UNK (11),N.A.,NO,NO,N.A.
benchmark/grid/grid060x060.col,benchmark/grid/grid060x060_02_4571.dat,N.A.,UNK (11),N.A.,NO,UNK (11),N.A.,NO,N.A.,N.A.
benchmark/grid/grid060x060.col,benchmark/grid/grid060x060_03_2183.dat,N.A.,UNK (11),N.A.,NO,UNK (11),N.A.,NO,N.A.,N.A.
benchmark/grid/grid060x060.col,benchmark/grid/grid060x060_04_3263.dat,N.A.,UNK (11),N.A.,NO,UNK (11),N.A.,NO,NO,N.A.
benchmark/grid/grid070x070.col,benchmark/grid/grid070x070_01_6558.dat,N.A.,UNK (11),N.A.,NO,UNK (11),N.A.,NO,NO,N.A.
benchmark/grid/grid070x070.col,benchmark/grid/grid070x070_02_7903.dat,N.A.,UNK (11),N.A.,NO,UNK (11),N.A.,NO,N.A.,N.A.
benchmark/grid/grid070x070.col,benchmark/grid/grid070x070_03_4857.dat,N.A.,UNK (11),N.A.,NO,UNK (11),N.A.,NO,N.A.,N.A.
benchmark/grid/grid070x070.col,benchmark/grid/grid070x070_04_3525.dat,N.A.,UNK (11),N.A.,NO,UNK (11),N.A.,NO,NO,N.A.
benchmark/grid/grid080x080.col,benchmark/grid/grid080x080_01_9321.dat,N.A.,UNK (11),N.A.,NO,UNK (11),N.A.,NO,NO,N.A.
benchmark/grid/grid080x080.col,benchmark/grid/grid080x080_02_8623.dat,N.A.,UNK (11),N.A.,NO,UNK (11),N.A.,NO,N.A.,N.A.
benchmark/grid/grid080x080.col,benchmark/grid/grid080x080_03_8653.dat,N.A.,UNK (11),N.A.,NO,UNK (11),N.A.,NO,NO,N.A.
benchmark/grid/grid080x080.col,benchmark/grid/grid080x080_04_8592.dat,N.A.,UNK (11),N.A.,NO,UNK (11),N.A.,NO,N.A.,N.A.
benchmark/grid/grid090x090.col,benchmark/grid/grid090x090_01_0710.dat,N.A.,UNK (11),N.A.,NO,UNK (11),N.A.,NO,N.A.,N.A.
benchmark/grid/grid090x090.col,benchmark/grid/grid090x090_02_9631.dat,N.A.,UNK (11),N.A.,NO,UNK (11),N.A.,NO,N.A.,N.A.
benchmark/grid/grid090x090.col,benchmark/grid/grid090x090_03_8778.dat,N.A.,UNK (11),N.A.,NO,UNK (11),N.A.,NO,N.A.,N.A.
benchmark/grid/grid090x090.col,benchmark/grid/grid090x090_04_4969.dat,N.A.,UNK (11),N.A.,NO,UNK (11),N.A.,NO,N.A.,N.A.
benchmark/grid/grid100x100.col,benchmark/grid/grid100x100_01_9072.dat,N.A.,UNK (11),N.A.,NO,UNK (11),N.A.,NO,N.A.,N.A.
benchmark/grid/grid100x100.col,benchmark/grid/grid100x100_02_7191.dat,N.A.,UNK (11),N.A.,NO,UNK (11),N.A.,NO,N.A.,N.A.
benchmark/grid/grid100x100.col,benchmark/grid/grid100x100_03_4887.dat,N.A.,UNK (11),N.A.,NO,UNK (11),N.A.,NO,N.A.,N.A.
benchmark/grid/grid100x100.col,benchmark/grid/grid100x100_04_0664.dat,N.A.,UNK (11),N.A.,NO,UNK (11),N.A.,NO,N.A.,N.A.
benchmark/grid/grid200x200.col,benchmark/grid/grid200x200_01_8265.dat,N.A.,UNK (11),N.A.,N.A.,UNK (11),N.A.,N.A.,N.A.,N.A.
benchmark/grid/grid200x200.col,benchmark/grid/grid200x200_02_2458.dat,N.A.,UNK (11),N.A.,NO,UNK (11),N.A.,NO,N.A.,N.A.
benchmark/grid/grid200x200.col,benchmark/grid/grid200x200_03_0743.dat,N.A.,UNK (11),N.A.,NO,UNK (11),N.A.,NO,N.A.,N.A.
benchmark/grid/grid200x200.col,benchmark/grid/grid200x200_04_2816.dat,N.A.,UNK (11),N.A.,N.A.,UNK (11),N.A.,N.A.,N.A.,N.A.
benchmark/handcrafted/hc-power-11.col,benchmark/handcrafted/hc-power-11_01.dat,23,21,29,29,29,21,21,21,21
benchmark/handcrafted/hc-power-12.col,benchmark/handcrafted/hc-power-12_01.dat,121,69,107,69,75,69,69,69,N.A.
benchmark/handcrafted/hc-square-01.col,benchmark/handcrafted/hc-square-01_01.dat,12,12,12,12,12,12,12,12,12
benchmark/handcrafted/hc-square-02.col,benchmark/handcrafted/hc-square-02_01.dat,32,30,74,44,44,30,30,30,30
benchmark/handcrafted/hc-toyno-01.col,benchmark/handcrafted/hc-toyno-01_01.dat,NO,UNK (11),N.A.,NO,UNK (11),NO,NO,NO,N.A.
benchmark/handcrafted/hc-toyyes-01.col,benchmark/handcrafted/hc-toyyes-01_01.dat,3,3,6,6,6,3,3,3,3
benchmark/power/hc-power-004-002.col,benchmark/power/hc-power-004-002_01.dat,4581,UNK (11),N.A.,359,361,359,359,365,N.A.
benchmark/power/hc-power-005-002.col,benchmark/power/hc-power-005-002_01.dat,N.A.,UNK (11),N.A.,779,781,779,779,795,N.A.
benchmark/power/hc-power-006-002.col,benchmark/power/hc-power-006-002_01.dat,N.A.,UNK (11),N.A.,1631,1633,1631,1631,1665,N.A.
benchmark/power/hc-power-007-002.col,benchmark/power/hc-power-007-002_01.dat,N.A.,UNK (11),N.A.,3349,3349,3347,3347,N.A.,N.A.
benchmark/power/hc-power-008-002.col,benchmark/power/hc-power-008-002_01.dat,N.A.,UNK (11),N.A.,6791,UNK (11),6791,6791,N.A.,N.A.
benchmark/power/hc-power-009-002.col,benchmark/power/hc-power-009-002_01.dat,N.A.,UNK (11),N.A.,13691,UNK (11),13691,13691,N.A.,N.A.
benchmark/power/hc-power-010-002.col,benchmark/power/hc-power-010-002_01.dat,N.A.,UNK (11),N.A.,N.A.,UNK (11),27503,27503,N.A.,N.A.
benchmark/power/hc-power-011-002.col,benchmark/power/hc-power-011-002_01.dat,N.A.,UNK (11),N.A.,N.A.,UNK (11),55139,N.A.,N.A.,N.A.
benchmark/power/hc-power-012-002.col,benchmark/power/hc-power-012-002_01.dat,N.A.,UNK (11),N.A.,N.A.,UNK (11),N.A.,N.A.,N.A.,N.A.
benchmark/power/hc-power-013-002.col,benchmark/power/hc-power-013-002_01.dat,N.A.,UNK (11),N.A.,N.A.,UNK (11),N.A.,N.A.,N.A.,N.A.
benchmark/power/hc-power-014-002.col,benchmark/power/hc-power-014-002_01.dat,N.A.,UNK (11),N.A.,N.A.,UNK (11),N.A.,N.A.,N.A.,N.A.
benchmark/power/hc-power-015-002.col,benchmark/power/hc-power-015-002_01.dat,N.A.,UNK (11),N.A.,N.A.,UNK (11),N.A.,N.A.,N.A.,N.A.
benchmark/power/hc-power-016-002.col,benchmark/power/hc-power-016-002_01.dat,N.A.,UNK (11),N.A.,N.A.,UNK (11),N.A.,N.A.,N.A.,N.A.
benchmark/power/hc-power-017-002.col,benchmark/power/hc-power-017-002_01.dat,N.A.,UNK (11),N.A.,N.A.,UNK (11),N.A.,N.A.,N.A.,N.A.
benchmark/power/hc-power-018-002.col,benchmark/power/hc-power-018-002_01.dat,N.A.,UNK (11),N.A.,N.A.,UNK (11),N.A.,N.A.,N.A.,N.A.
benchmark/power/hc-power-019-002.col,benchmark/power/hc-power-019-002_01.dat,N.A.,UNK (11),N.A.,N.A.,UNK (11),N.A.,N.A.,N.A.,N.A.
benchmark/power/hc-power-020-002.col,benchmark/power/hc-power-020-002_01.dat,N.A.,UNK (11),N.A.,N.A.,UNK (11),N.A.,N.A.,N.A.,N.A.
benchmark/queen/queen008x008.col,benchmark/queen/queen008x008_01_4136.dat,11,9,51,1089,1218,9,9,9,9
benchmark/queen/queen008x008.col,benchmark/queen/queen008x008_02_8804.dat,25,11,52,864,987,11,11,11,12
benchmark/queen/queen008x008.col,benchmark/queen/queen008x008_03_8723.dat,18,11,49,906,954,11,11,11,15
benchmark/queen/queen008x008.col,benchmark/queen/queen008x008_04_4441.dat,23,12,52,897,991,12,12,12,13
benchmark/queen/queen010x010.col,benchmark/queen/queen010x010_01_0612.dat,30,10,38,611,644,10,10,11,12
benchmark/queen/queen010x010.col,benchmark/queen/queen010x010_02_5832.dat,23,11,39,577,642,11,11,11,11
benchmark/queen/queen010x010.col,benchmark/queen/queen010x010_03_7635.dat,34,13,33,533,643,13,13,13,N.A.
benchmark/queen/queen010x010.col,benchmark/queen/queen010x010_04_2943.dat,15,14,37,588,644,14,14,14,N.A.
benchmark/queen/queen020x020.col,benchmark/queen/queen020x020_01_7075.dat,283,UNK (11),N.A.,24,UNK (11),N.A.,24,24,N.A.
benchmark/queen/queen020x020.col,benchmark/queen/queen020x020_02_4815.dat,135,22,N.A.,22,UNK (11),N.A.,22,22,N.A.
benchmark/queen/queen020x020.col,benchmark/queen/queen020x020_03_8667.dat,257,21,N.A.,21,UNK (11),N.A.,21,21,N.A.
benchmark/queen/queen020x020.col,benchmark/queen/queen020x020_04_0961.dat,37,18,32,18,UNK (11),N.A.,18,18,N.A.
benchmark/queen/queen030x030.col,benchmark/queen/queen030x030_01_3761.dat,15,15,29,15,UNK (11),N.A.,15,15,N.A.
benchmark/queen/queen030x030.col,benchmark/queen/queen030x030_02_4963.dat,9237,UNK (11),N.A.,26,UNK (11),N.A.,26,NO,N.A.
benchmark/queen/queen030x030.col,benchmark/queen/queen030x030_03_7394.dat,8303,UNK (11),N.A.,49,UNK (11),N.A.,26,NO,N.A.
benchmark/queen/queen030x030.col,benchmark/queen/queen030x030_04_9144.dat,1460,UNK (11),N.A.,24,UNK (11),N.A.,24,NO,N.A.
benchmark/queen/queen040x040.col,benchmark/queen/queen040x040_01_6291.dat,13,13,36,13,UNK (11),N.A.,13,13,N.A.
benchmark/queen/queen040x040.col,benchmark/queen/queen040x040_02_9487.dat,14,14,33,14,UNK (11),N.A.,14,14,N.A.
benchmark/queen/queen040x040.col,benchmark/queen/queen040x040_03_7037.dat,22,14,35,14,UNK (11),N.A.,14,14,N.A.
benchmark/queen/queen040x040.col,benchmark/queen/queen040x040_04_8369.dat,N.A.,17,39,17,UNK (11),N.A.,17,17,N.A.
benchmark/queen/queen050x050.col,benchmark/queen/queen050x050_01_6006.dat,13,13,31,13,UNK (11),N.A.,13,13,N.A.
benchmark/queen/queen050x050.col,benchmark/queen/queen050x050_02_6166.dat,N.A.,16,33,16,UNK (11),N.A.,16,16,N.A.
benchmark/queen/queen050x050.col,benchmark/queen/queen050x050_03_0562.dat,7,6,31,6,UNK (11),N.A.,6,6,N.A.
benchmark/queen/queen050x050.col,benchmark/queen/queen050x050_04_9047.dat,12,12,32,12,UNK (11),N.A.,12,12,N.A.
benchmark/queen/queen060x060.col,benchmark/queen/queen060x060_01_8336.dat,5,5,34,5,UNK (11),N.A.,5,5,N.A.
benchmark/queen/queen060x060.col,benchmark/queen/queen060x060_02_6710.dat,13,9,39,9,UNK (11),N.A.,9,9,N.A.
benchmark/queen/queen060x060.col,benchmark/queen/queen060x060_03_1394.dat,9,9,33,9,UNK (11),N.A.,9,9,N.A.
benchmark/queen/queen060x060.col,benchmark/queen/queen060x060_04_3799.dat,11,9,30,9,UNK (11),N.A.,9,9,N.A.
benchmark/queen/queen070x070.col,benchmark/queen/queen070x070_01_1828.dat,N.A.,UNK (11),N.A.,77,UNK (11),N.A.,38,NO,N.A.
benchmark/queen/queen070x070.col,benchmark/queen/queen070x070_02_8683.dat,N.A.,UNK (11),N.A.,71,UNK (11),N.A.,40,NO,N.A.
benchmark/queen/queen070x070.col,benchmark/queen/queen070x070_03_1545.dat,N.A.,UNK (11),N.A.,71,UNK (11),N.A.,34,NO,N.A.
benchmark/queen/queen070x070.col,benchmark/queen/queen070x070_04_7426.dat,N.A.,UNK (11),N.A.,96,UNK (11),N.A.,33,NO,N.A.
benchmark/queen/queen080x080.col,benchmark/queen/queen080x080_01_0297.dat,N.A.,UNK (11),N.A.,47,UNK (11),N.A.,25,NO,N.A.
benchmark/queen/queen080x080.col,benchmark/queen/queen080x080_02_2368.dat,N.A.,UNK (11),N.A.,43,UNK (11),N.A.,31,NO,N.A.
benchmark/queen/queen080x080.col,benchmark/queen/queen080x080_03_0355.dat,N.A.,UNK (11),N.A.,83,UNK (11),N.A.,N.A.,NO,N.A.
benchmark/queen/queen080x080.col,benchmark/queen/queen080x080_04_4954.dat,N.A.,UNK (11),N.A.,62,UNK (11),N.A.,36,NO,N.A.
benchmark/queen/queen090x090.col,benchmark/queen/queen090x090_01_8978.dat,N.A.,UNK (11),N.A.,97,UNK (11),N.A.,N.A.,NO,N.A.
benchmark/queen/queen090x090.col,benchmark/queen/queen090x090_02_0808.dat,N.A.,UNK (11),N.A.,82,UNK (11),N.A.,41,NO,N.A.
benchmark/queen/queen090x090.col,benchmark/queen/queen090x090_03_9570.dat,N.A.,UNK (11),N.A.,108,UNK (11),N.A.,N.A.,NO,N.A.
benchmark/queen/queen090x090.col,benchmark/queen/queen090x090_04_1188.dat,N.A.,UNK (11),N.A.,74,UNK (11),N.A.,38,NO,N.A.
benchmark/queen/queen100x100.col,benchmark/queen/queen100x100_01_3955.dat,N.A.,UNK (11),N.A.,121,UNK (11),N.A.,N.A.,NO,N.A.
benchmark/queen/queen100x100.col,benchmark/queen/queen100x100_02_1699.dat,7,6,31,6,UNK (11),N.A.,6,6,N.A.
benchmark/queen/queen100x100.col,benchmark/queen/queen100x100_03_6670.dat,N.A.,UNK (11),N.A.,120,UNK (11),N.A.,N.A.,NO,N.A.
benchmark/queen/queen100x100.col,benchmark/queen/queen100x100_04_0618.dat,N.A.,UNK (11),N.A.,159,UNK (11),N.A.,N.A.,NO,N.A.
benchmark/queen/queen200x200.col,benchmark/queen/queen200x200_01_0761.dat,4,4,8,4,UNK (11),N.A.,4,N.A.,N.A.
benchmark/queen/queen200x200.col,benchmark/queen/queen200x200_02_3057.dat,N.A.,UNK (11),N.A.,32,UNK (11),N.A.,29,N.A.,N.A.
benchmark/queen/queen200x200.col,benchmark/queen/queen200x200_03_0327.dat,N.A.,UNK (11),N.A.,36,UNK (11),N.A.,29,N.A.,N.A.
benchmark/queen/queen200x200.col,benchmark/queen/queen200x200_04_4796.dat,N.A.,UNK (11),N.A.,35,UNK (11),N.A.,27,N.A.,N.A.
benchmark/sp/sp001.col,benchmark/sp/sp001_01.dat,11,11,11,11,11,11,11,11,11
benchmark/sp/sp002.col,benchmark/sp/sp002_01.dat,39,33,75,39,39,33,33,33,N.A.
benchmark/sp/sp003.col,benchmark/sp/sp003_01.dat,223,77,95,77,77,77,77,77,N.A.
benchmark/sp/sp004.col,benchmark/sp/sp004_01.dat,1021,UNK (11),N.A.,165,165,165,165,165,N.A.
benchmark/sp/sp005.col,benchmark/sp/sp005_01.dat,4857,UNK (11),N.A.,341,341,341,341,341,N.A.
benchmark/sp/sp006.col,benchmark/sp/sp006_01.dat,33771,UNK (11),N.A.,693,693,693,693,693,N.A.
benchmark/sp/sp007.col,benchmark/sp/sp007_01.dat,N.A.,UNK (11),N.A.,1397,1397,1397,1397,1397,N.A.
benchmark/sp/sp008.col,benchmark/sp/sp008_01.dat,N.A.,UNK (11),N.A.,2805,2805,2805,2805,2805,N.A.
benchmark/sp/sp009.col,benchmark/sp/sp009_01.dat,N.A.,UNK (11),N.A.,5621,5621,5621,5621,N.A.,N.A.
benchmark/sp/sp010.col,benchmark/sp/sp010_01.dat,N.A.,UNK (11),N.A.,11253,UNK (11),11253,11253,N.A.,N.A.
benchmark/sp/sp011.col,benchmark/sp/sp011_01.dat,N.A.,UNK (11),N.A.,N.A.,UNK (11),22517,22517,N.A.,N.A.
benchmark/sp/sp012.col,benchmark/sp/sp012_01.dat,N.A.,UNK (11),N.A.,N.A.,UNK (11),45045,45045,N.A.,N.A.
benchmark/sp/sp013.col,benchmark/sp/sp013_01.dat,N.A.,UNK (11),N.A.,N.A.,UNK (11),90101,N.A.,N.A.,N.A.
benchmark/sp/sp014.col,benchmark/sp/sp014_01.dat,N.A.,UNK (11),N.A.,N.A.,UNK (11),N.A.,N.A.,N.A.,N.A.
benchmark/sp/sp015.col,benchmark/sp/sp015_01.dat,N.A.,UNK (11),N.A.,N.A.,UNK (11),N.A.,N.A.,N.A.,N.A.
benchmark/sp/sp016.col,benchmark/sp/sp016_01.dat,N.A.,UNK (11),N.A.,N.A.,UNK (11),N.A.,N.A.,N.A.,N.A.
benchmark/sp/sp017.col,benchmark/sp/sp017_01.dat,N.A.,UNK (11),N.A.,N.A.,UNK (11),N.A.,N.A.,N.A.,N.A.
benchmark/sp/sp018.col,benchmark/sp/sp018_01.dat,N.A.,UNK (11),N.A.,N.A.,UNK (11),N.A.,N.A.,N.A.,N.A.
benchmark/sp/sp019.col,benchmark/sp/sp019_01.dat,N.A.,UNK (11),N.A.,N.A.,UNK (11),N.A.,N.A.,N.A.,N.A.
benchmark/sp/sp020.col,benchmark/sp/sp020_01.dat,N.A.,UNK (11),N.A.,N.A.,UNK (11),N.A.,N.A.,N.A.,N.A.
benchmark/sp/sp021.col,benchmark/sp/sp021_01.dat,N.A.,UNK (11),N.A.,N.A.,UNK (11),N.A.,N.A.,N.A.,N.A.
benchmark/sp/sp022.col,benchmark/sp/sp022_01.dat,N.A.,UNK (11),N.A.,N.A.,UNK (11),N.A.,N.A.,N.A.,N.A.
benchmark/sp/sp023.col,benchmark/sp/sp023_01.dat,N.A.,UNK (11),N.A.,N.A.,UNK (11),N.A.,N.A.,N.A.,N.A.
benchmark/sp/sp024.col,benchmark/sp/sp024_01.dat,N.A.,UNK (11),N.A.,N.A.,UNK (11),N.A.,N.A.,N.A.,N.A.
benchmark/sp/sp025.col,benchmark/sp/sp025_01.dat,N.A.,UNK (11),N.A.,N.A.,UNK (11),N.A.,N.A.,N.A.,N.A.
benchmark/sp/sp026.col,benchmark/sp/sp026_01.dat,N.A.,UNK (11),N.A.,N.A.,UNK (11),N.A.,N.A.,N.A.,N.A.
benchmark/sp/sp027.col,benchmark/sp/sp027_01.dat,N.A.,UNK (11),N.A.,N.A.,UNK (11),N.A.,N.A.,N.A.,N.A.
benchmark/sp/sp028.col,benchmark/sp/sp028_01.dat,N.A.,UNK (11),N.A.,N.A.,UNK (11),N.A.,N.A.,N.A.,N.A.
benchmark/sp/sp029.col,benchmark/sp/sp029_01.dat,N.A.,UNK (11),N.A.,N.A.,UNK (11),N.A.,N.A.,N.A.,N.A.
benchmark/sp/sp030.col,benchmark/sp/sp030_01.dat,N.A.,UNK (11),N.A.,N.A.,UNK (11),N.A.,N.A.,N.A.,N.A.
benchmark/square/hc-square-004-002.col,benchmark/square/hc-square-004-002_01.dat,198,90,N.A.,90,94,90,90,96,N.A.
benchmark/square/hc-square-005-002.col,benchmark/square/hc-square-005-002_01.dat,600,UNK (11),N.A.,132,136,132,132,142,N.A.
benchmark/square/hc-square-006-002.col,benchmark/square/hc-square-006-002_01.dat,1166,UNK (11),N.A.,182,184,182,182,200,N.A.
benchmark/square/hc-square-007-002.col,benchmark/square/hc-square-007-002_01.dat,N.A.,UNK (11),N.A.,240,242,240,240,258,N.A.
benchmark/square/hc-square-008-002.col,benchmark/square/hc-square-008-002_01.dat,N.A.,UNK (11),N.A.,306,308,306,306,334,N.A.
benchmark/square/hc-square-009-002.col,benchmark/square/hc-square-009-002_01.dat,N.A.,UNK (11),N.A.,382,382,380,380,418,N.A.
benchmark/square/hc-square-010-002.col,benchmark/square/hc-square-010-002_01.dat,N.A.,UNK (11),N.A.,464,464,462,462,492,N.A.
benchmark/square/hc-square-011-002.col,benchmark/square/hc-square-011-002_01.dat,N.A.,UNK (11),N.A.,554,554,552,552,N.A.,N.A.
benchmark/square/hc-square-012-002.col,benchmark/square/hc-square-012-002_01.dat,N.A.,UNK (11),N.A.,652,652,650,650,N.A.,N.A.
benchmark/square/hc-square-013-002.col,benchmark/square/hc-square-013-002_01.dat,N.A.,UNK (11),N.A.,758,758,756,756,N.A.,N.A.
benchmark/square/hc-square-014-002.col,benchmark/square/hc-square-014-002_01.dat,N.A.,UNK (11),N.A.,872,872,870,N.A.,N.A.,N.A.
benchmark/square/hc-square-015-002.col,benchmark/square/hc-square-015-002_01.dat,N.A.,UNK (11),N.A.,994,994,992,N.A.,N.A.,N.A.
benchmark/square/hc-square-016-002.col,benchmark/square/hc-square-016-002_01.dat,N.A.,UNK (11),N.A.,1124,1124,1122,N.A.,N.A.,N.A.
benchmark/square/hc-square-017-002.col,benchmark/square/hc-square-017-002_01.dat,N.A.,UNK (11),N.A.,1260,1262,1260,N.A.,N.A.,N.A.
benchmark/square/hc-square-018-002.col,benchmark/square/hc-square-018-002_01.dat,N.A.,UNK (11),N.A.,1406,UNK (11),1406,N.A.,N.A.,N.A.
benchmark/square/hc-square-019-002.col,benchmark/square/hc-square-019-002_01.dat,N.A.,UNK (11),N.A.,1560,UNK (11),1560,N.A.,N.A.,N.A.
benchmark/square/hc-square-020-002.col,benchmark/square/hc-square-020-002_01.dat,N.A.,UNK (11),N.A.,1722,UNK (11),1722,N.A.,N.A.,N.A.
#Longest,,54,13,115,90,143,21,27,26,31
